{
    "progression_percentage": 37.272727272727266,
    "standard_error": 4.626549327272535,
    "average_steps": 254.1,
    "episodes_played": 10,
    "tasks": {
        "default": {
            "progression_percentage": 37.272727272727266,
            "standard_error": 4.626549327272535,
            "episodes_played": 10
        }
    },
    "input_tokens": 5117806,
    "output_tokens": 1526213
}